{"_runtime": 251, "epoch": 2, "train/loss": 3.8366973554992674, "val/acc": 0.1129, "lr": 0, "train/acc": 0.1012, "val/loss": 3.7316045413970946, "time/epoch_sec": 123.51441550254822, "_timestamp": 1760377049.7034345, "_step": 1, "milestone_CIFAR100_1/train_loss": 4.396061662445068, "milestone_CIFAR100_1/train_acc": 0.0469, "milestone_CIFAR100_1/val_loss": 3.9626833702087403, "milestone_CIFAR100_1/val_acc": 0.0689, "milestone_CIFAR100_2/train_loss": 3.8366973554992674, "milestone_CIFAR100_2/train_acc": 0.1012, "milestone_CIFAR100_2/val_loss": 3.7316045413970946, "milestone_CIFAR100_2/val_acc": 0.1129}