{"_runtime": 499, "epoch": 2, "train/acc": 0.07364, "val/loss": 3.934511180496216, "val/acc": 0.0919, "lr": 0, "_timestamp": 1760378208.792093, "train/loss": 4.050921038208008, "time/epoch_sec": 205.79752397537231, "_step": 1, "milestone_CIFAR100_1/train_loss": 4.3328606596374515, "milestone_CIFAR100_1/train_acc": 0.0405, "milestone_CIFAR100_1/val_loss": 4.224633374786377, "milestone_CIFAR100_1/val_acc": 0.0551, "milestone_CIFAR100_2/train_loss": 4.050921038208008, "milestone_CIFAR100_2/train_acc": 0.07364, "milestone_CIFAR100_2/val_loss": 3.934511180496216, "milestone_CIFAR100_2/val_acc": 0.0919}