{"_runtime": 394, "train/loss": 2.1312786431121826, "lr": 0, "_timestamp": 1760377708.8247426, "train/acc": 0.21884, "val/loss": 2.0514146507263185, "val/acc": 0.2593, "time/epoch_sec": 253.19684147834778, "_step": 1, "epoch": 2, "milestone_CIFAR10_1/train_loss": 2.7387447175598143, "milestone_CIFAR10_1/train_acc": 0.15304, "milestone_CIFAR10_1/val_loss": 2.174342654800415, "milestone_CIFAR10_1/val_acc": 0.212, "milestone_CIFAR10_2/train_loss": 2.1312786431121826, "milestone_CIFAR10_2/train_acc": 0.21884, "milestone_CIFAR10_2/val_loss": 2.0514146507263185, "milestone_CIFAR10_2/val_acc": 0.2593}