{"_runtime": 264, "train/loss": 1.5262748072433472, "lr": 0, "time/epoch_sec": 133.10402059555054, "_step": 1, "epoch": 2, "train/acc": 0.43822, "val/loss": 1.5215939346313476, "val/acc": 0.4518, "_timestamp": 1760377314.470611, "milestone_CIFAR10_1/train_loss": 1.727789974899292, "milestone_CIFAR10_1/train_acc": 0.3637, "milestone_CIFAR10_1/val_loss": 1.614280770111084, "milestone_CIFAR10_1/val_acc": 0.3928, "milestone_CIFAR10_2/train_loss": 1.5262748072433472, "milestone_CIFAR10_2/train_acc": 0.43822, "milestone_CIFAR10_2/val_loss": 1.5215939346313476, "milestone_CIFAR10_2/val_acc": 0.4518}